EVCount,StationCount,TotalChargers,EVsPerCharger,CoverageGapFlag,StationKey,CalendarKey,GeographyKey,VehicleKey,ZipCode,City,County,State,Latitude,Longitude
1262,7,29,43.52,1,562,1,1,1,98001,Algona,King,WA,,
508,8,15,33.87,1,12,1,2,1,98002,Auburn,King,WA,,
988,14,36,27.44,1,127,1,3,1,98003,Federal Way,King,WA,,
4125,170,381,10.83,1,5,1,4,1,98004,Beaux Arts,King,WA,,
2090,70,146,14.32,1,232,1,5,1,98005,Bellevue,King,WA,,
4455,14,50,89.1,1,33,1,6,1,98006,Bellevue,King,WA,,
1528,15,30,50.93,1,192,1,7,1,98007,Bellevue,King,WA,,
2339,6,16,146.19,1,129,1,8,1,98008,Bellevue,King,WA,,
606,0,0,0.0,1,0,1,9,1,98010,Black Diamond,King,WA,,
1934,18,52,37.19,1,8,1,10,1,98011,Bothell,King,WA,,
5481,5,17,322.41,1,741,1,11,1,98012,Bothell,Snohomish,WA,,
534,0,0,0.0,1,0,1,12,1,98014,Carnation,King,WA,,
986,0,0,0.0,1,0,1,13,1,98019,Carnation,King,WA,,
1206,9,10,120.6,1,526,1,14,1,98020,Edmonds,Snohomish,WA,,
3095,4,13,238.08,1,525,1,15,1,98021,Bothell,Snohomish,WA,,
566,4,14,40.43,1,1408,1,16,1,98022,Enumclaw,King,WA,,
1451,1,2,725.5,1,603,1,17,1,98023,Federal Way,King,WA,,
410,1,1,410.0,1,1383,1,18,1,98024,Fall City,King,WA,,
1934,9,13,148.77,1,16,1,19,1,98026,Edmonds,Snohomish,WA,,
2515,22,48,52.4,1,6,1,20,1,98027,Bellevue,King,WA,,
1598,3,11,145.27,1,1068,1,21,1,98028,Bothell,King,WA,,
2889,13,32,90.28,1,272,1,22,1,98029,Issaquah,King,WA,,
982,5,11,89.27,1,507,1,23,1,98030,Kent,King,WA,,
1673,3,4,418.25,1,723,1,24,1,98031,Kent,King,WA,,
1051,10,29,36.24,1,34,1,25,1,98032,Des Moines,King,WA,,
4683,19,32,146.34,1,682,1,26,1,98033,Bellevue,King,WA,,
3566,19,70,50.94,1,96,1,27,1,98034,Bothell,King,WA,,
13,0,0,0.0,1,0,1,28,1,98035,Kent,King,WA,,
1880,9,37,50.81,1,596,1,29,1,98036,Bothell,Snohomish,WA,,
1310,13,25,52.4,1,466,1,30,1,98037,Lynnwood,Snohomish,WA,,
2436,0,0,0.0,1,0,1,31,1,98038,Kent,King,WA,,
462,0,0,0.0,1,0,1,32,1,98039,Medina,King,WA,,
3241,8,15,216.07,1,146,1,33,1,98040,Mercer Island,King,WA,,
2,0,0,0.0,1,0,1,34,1,98041,Bothell,King,WA,,
2288,5,12,190.67,1,237,1,35,1,98042,Auburn,King,WA,,
736,4,7,105.14,1,275,1,36,1,98043,Mountlake Terrace,Snohomish,WA,,
1146,4,20,57.3,1,426,1,37,1,98045,Maple Valley,King,WA,,
129,0,0,0.0,1,0,1,38,1,98047,Pacific,King,WA,,
5,0,0,0.0,1,0,1,39,1,98050,Preston,King,WA,,
162,0,0,0.0,1,0,1,40,1,98051,Maple Valley,King,WA,,
6918,41,116,59.64,1,7,1,41,1,98052,Redmond,King,WA,,
2600,1,2,1300.0,1,1418,1,42,1,98053,Carnation,King,WA,,
1036,10,20,51.8,1,35,1,43,1,98055,Kent,King,WA,,
1969,10,50,39.38,1,37,1,44,1,98056,Newcastle,King,WA,,
1028,22,53,19.4,1,38,1,45,1,98057,Renton,King,WA,,
1989,5,9,221.0,1,21,1,46,1,98058,Kent,King,WA,,
2988,3,11,271.64,1,560,1,47,1,98059,Issaquah,King,WA,,
1,0,0,0.0,1,0,1,48,1,98064,Kent,King,WA,,
1347,5,18,74.83,1,100,1,49,1,98065,North Bend,King,WA,,
45,2,12,3.75,0,138,1,50,1,98068,Snoqualmie Pass,Kittitas,WA,,
889,2,4,222.25,1,608,1,51,1,98070,Vashon,King,WA,,
3631,16,44,82.52,1,11,1,52,1,98072,Bothell,King,WA,,
3720,4,14,265.71,1,175,1,53,1,98074,Redmond,King,WA,,
3180,5,10,318.0,1,499,1,54,1,98075,Issaquah,King,WA,,
105,0,0,0.0,1,0,1,55,1,98077,Snohomish,Snohomish,WA,,
1881,3,24,78.38,1,282,1,56,1,98087,Lynnwood,Snohomish,WA,,
1717,2,3,572.33,1,563,1,57,1,98092,Auburn,Pierce,WA,,
834,63,210,3.97,0,122,1,58,1,98101,Seattle,King,WA,,
1126,15,29,38.83,1,455,1,59,1,98102,Seattle,King,WA,,
3146,16,37,85.03,1,51,1,60,1,98103,Seattle,King,WA,,
1403,47,122,11.5,1,29,1,61,1,98104,Seattle,King,WA,,
2140,24,68,31.47,1,92,1,62,1,98105,Seattle,King,WA,,
1195,9,15,79.67,1,53,1,63,1,98106,Seattle,King,WA,,
1554,13,36,43.17,1,300,1,64,1,98107,Seattle,King,WA,,
1031,12,25,41.24,1,63,1,65,1,98108,Seattle,King,WA,,
1956,137,335,5.84,0,50,1,66,1,98109,Seattle,King,WA,,
2471,8,16,154.44,1,118,1,67,1,98110,Bainbridge Island,Kitsap,WA,,
2,0,0,0.0,1,0,1,68,1,98111,Seattle,King,WA,,
2018,3,4,504.5,1,380,1,69,1,98112,Seattle,King,WA,,
3995,7,11,363.18,1,290,1,70,1,98115,Seattle,King,WA,,
1661,3,5,332.2,1,733,1,71,1,98116,Seattle,King,WA,,
2670,6,18,148.33,1,618,1,72,1,98117,Seattle,King,WA,,
2261,9,28,80.75,1,771,1,73,1,98118,Seattle,King,WA,,
1366,51,110,12.42,1,605,1,74,1,98119,Seattle,King,WA,,
1199,126,259,4.63,0,70,1,75,1,98121,Seattle,King,WA,,
1830,15,43,42.56,1,541,1,76,1,98122,Seattle,King,WA,,
4,2,49,0.08,0,48,1,77,1,98124,Seattle,King,WA,,
2245,16,48,46.77,1,111,1,78,1,98125,Seattle,King,WA,,
1194,2,2,597.0,1,1306,1,79,1,98126,Seattle,King,WA,,
2216,16,35,63.31,1,186,1,80,1,98133,Seattle,King,WA,,
905,23,62,14.6,1,49,1,81,1,98134,Seattle,King,WA,,
1136,3,5,227.2,1,705,1,82,1,98136,Seattle,King,WA,,
1794,8,35,51.26,1,156,1,83,1,98144,Seattle,King,WA,,
1000,1,1,1000.0,1,2153,1,84,1,98146,Burien,King,WA,,
858,3,5,171.6,1,15,1,85,1,98148,Burien,King,WA,,
1945,3,5,389.0,1,656,1,86,1,98155,Lake Forest Park,King,WA,,
27,0,0,0.0,1,0,1,87,1,98158,Seatac,King,WA,,
1,0,0,0.0,1,0,1,88,1,98160,Seattle,King,WA,,
1,13,22,0.05,0,695,1,89,1,98164,Seattle,King,WA,,
948,12,13,72.92,1,132,1,90,1,98166,Burien,King,WA,,
1160,3,14,82.86,1,604,1,91,1,98168,Burien,King,WA,,
1694,1,1,1694.0,1,2292,1,92,1,98177,Seattle,King,WA,,
994,1,1,994.0,1,2293,1,93,1,98178,Renton,King,WA,,
2955,38,252,11.73,1,2,1,94,1,98188,Seatac,King,WA,,
1,5,12,0.08,0,686,1,95,1,98195,Seattle,King,WA,,
980,9,21,46.67,1,159,1,96,1,98198,Des Moines,King,WA,,
1737,2,5,347.4,1,1292,1,97,1,98199,Seattle,King,WA,,
681,11,37,18.41,1,718,1,98,1,98201,Everett,Snohomish,WA,,
1015,9,19,53.42,1,619,1,99,1,98203,Everett,Snohomish,WA,,
837,9,15,55.8,1,42,1,100,1,98204,Everett,Snohomish,WA,,
5,0,0,0.0,1,0,1,101,1,98206,Everett,Snohomish,WA,,
2015,7,31,65.0,1,484,1,102,1,98208,Everett,Snohomish,WA,,
12,0,0,0.0,1,0,1,103,1,98220,Acme,Whatcom,WA,,
1058,15,29,36.48,1,521,1,104,1,98221,Anacortes,Skagit,WA,,
1044,11,37,28.22,1,205,1,105,1,98223,Arlington,Snohomish,WA,,
9,0,0,0.0,1,0,1,106,1,98224,Baring,King,WA,,
1566,22,58,27.0,1,106,1,107,1,98225,Bellingham,Whatcom,WA,,
1558,16,44,35.41,1,86,1,108,1,98226,Bellingham,Whatcom,WA,,
1604,8,21,76.38,1,13,1,109,1,98229,Bellingham,Whatcom,WA,,
692,5,34,20.35,1,84,1,110,1,98230,Blaine,Whatcom,WA,,
1,0,0,0.0,1,0,1,111,1,98231,Blaine,Whatcom,WA,,
178,1,4,44.5,1,2215,1,112,1,98232,Bow,Skagit,WA,,
442,11,45,9.82,0,108,1,113,1,98233,Burlington,Skagit,WA,,
4,0,0,0.0,1,0,1,114,1,98235,Clearlake,Skagit,WA,,
367,0,0,0.0,1,0,1,115,1,98236,Clinton,Island,WA,,
61,1,2,30.5,1,160,1,116,1,98237,Concrete,Skagit,WA,,
1,0,0,0.0,1,0,1,117,1,98238,Conway,Skagit,WA,,
366,2,4,91.5,1,1575,1,118,1,98239,Coupeville,Island,WA,,
43,0,0,0.0,1,0,1,119,1,98240,Custer,Whatcom,WA,,
30,1,2,15.0,1,1637,1,120,1,98241,Darrington,Snohomish,WA,,
4,0,0,0.0,1,0,1,121,1,98243,Deer Harbor,San Juan,WA,,
80,0,0,0.0,1,0,1,122,1,98244,Deming,Whatcom,WA,,
384,4,5,76.8,1,213,1,123,1,98245,Eastsound,San Juan,WA,,
115,1,1,115.0,1,1752,1,124,1,98247,Everson,Whatcom,WA,,
674,2,3,224.67,1,464,1,125,1,98248,Ferndale,Whatcom,WA,,
300,1,2,150.0,1,337,1,126,1,98249,Freeland,Island,WA,,
595,11,18,33.06,1,209,1,127,1,98250,Friday Harbor,San Juan,WA,,
143,0,0,0.0,1,0,1,128,1,98251,Gold Bar,Snohomish,WA,,
248,2,3,82.67,1,1756,1,129,1,98252,Granite Falls,Snohomish,WA,,
137,1,2,68.5,1,2324,1,130,1,98253,Coupeville,Island,WA,,
2,0,0,0.0,1,0,1,131,1,98255,Hamilton,Skagit,WA,,
3,0,0,0.0,1,0,1,132,1,98256,Index,Snohomish,WA,,
161,2,4,40.25,1,149,1,133,1,98257,La Conner,Skagit,WA,,
2405,2,6,400.83,1,504,1,134,1,98258,Lake Stevens,Snohomish,WA,,
370,3,6,61.67,1,343,1,135,1,98260,Langley,Island,WA,,
195,4,4,48.75,1,215,1,136,1,98261,Lopez Is,San Juan,WA,,
62,0,0,0.0,1,0,1,137,1,98262,Lummi Island,Whatcom,WA,,
2,0,0,0.0,1,0,1,138,1,98263,Lyman,Skagit,WA,,
368,1,1,368.0,1,1119,1,139,1,98264,Lynden,Whatcom,WA,,
61,0,0,0.0,1,0,1,140,1,98266,Maple Falls,Whatcom,WA,,
6,3,3,2.0,0,1315,1,141,1,98267,Marblemount,Skagit,WA,,
1758,2,2,879.0,1,1783,1,142,1,98270,Marysville,Snohomish,WA,,
739,15,39,18.95,1,471,1,143,1,98271,Marysville,Snohomish,WA,,
1347,4,20,67.35,1,60,1,144,1,98272,Monroe,Snohomish,WA,,
591,16,32,18.47,1,65,1,145,1,98273,Mount Vernon,Skagit,WA,,
541,1,2,270.5,1,2320,1,146,1,98274,Mount Vernon,Skagit,WA,,
1226,3,7,175.14,1,101,1,147,1,98275,Mukilteo,Snohomish,WA,,
13,0,0,0.0,1,0,1,148,1,98276,Nooksack,Whatcom,WA,,
804,3,5,160.8,1,1459,1,149,1,98277,Oak Harbor,Island,WA,,
63,1,1,63.0,1,214,1,150,1,98279,Olga,San Juan,WA,,
10,0,0,0.0,1,0,1,151,1,98280,Orcas,San Juan,WA,,
91,0,0,0.0,1,0,1,152,1,98281,Point Roberts,Whatcom,WA,,
752,2,7,107.43,1,586,1,153,1,98282,Camano Island,Island,WA,,
1,3,7,0.14,0,61,1,154,1,98283,Rockport,Skagit,WA,,
409,1,1,409.0,1,1319,1,155,1,98284,Sedro Woolley,Skagit,WA,,
20,0,0,0.0,1,0,1,156,1,98286,Shaw Island,San Juan,WA,,
11,3,6,1.83,0,110,1,157,1,98288,Skykomish,King,WA,,
1525,5,11,138.64,1,678,1,158,1,98290,Snohomish,Snohomish,WA,,
736,2,8,92.0,1,1605,1,159,1,98292,Stanwood,Snohomish,WA,,
361,1,3,120.33,1,136,1,160,1,98294,Index,Snohomish,WA,,
31,0,0,0.0,1,0,1,161,1,98295,Sumas,Whatcom,WA,,
1847,2,3,615.67,1,730,1,162,1,98296,Snohomish,Snohomish,WA,,
5,0,0,0.0,1,0,1,163,1,98297,Waldron,San Juan,WA,,
79,0,0,0.0,1,0,1,164,1,98303,Anderson Island,Pierce,WA,,
31,4,8,3.88,0,83,1,165,1,98304,Ashford,Pierce,WA,,
2,0,0,0.0,1,0,1,166,1,98305,Beaver,Clallam,WA,,
426,4,6,71.0,1,744,1,167,1,98310,Bremerton,Kitsap,WA,,
656,2,4,164.0,1,1420,1,168,1,98311,Bremerton,Kitsap,WA,,
1026,6,11,93.27,1,14,1,169,1,98312,Bremerton,Kitsap,WA,,
6,3,11,0.55,0,150,1,170,1,98314,Bremerton,Kitsap,WA,,
40,13,37,1.08,0,429,1,171,1,98315,Silverdale,Kitsap,WA,,
37,0,0,0.0,1,0,1,172,1,98320,Brinnon,Jefferson,WA,,
468,0,0,0.0,1,0,1,173,1,98321,Buckley,Pierce,WA,,
22,0,0,0.0,1,0,1,174,1,98323,Carbonado,Pierce,WA,,
45,1,2,22.5,1,2327,1,175,1,98325,Chimacum,Jefferson,WA,,
4,0,0,0.0,1,0,1,176,1,98326,Clallam Bay,Clallam,WA,,
281,3,7,40.14,1,568,1,177,1,98327,Dupont,Pierce,WA,,
233,0,0,0.0,1,0,1,178,1,98328,Eatonville,Pierce,WA,,
383,0,0,0.0,1,0,1,179,1,98329,Gig Harbor,Pierce,WA,,
4,2,2,2.0,0,2061,1,180,1,98330,Elbe,Pierce,WA,,
27,12,26,1.04,0,336,1,181,1,98331,Forks,Clallam,WA,,
1185,1,2,592.5,1,206,1,182,1,98332,Gig Harbor,Pierce,WA,,
321,0,0,0.0,1,0,1,183,1,98333,Fox Island,Pierce,WA,,
1508,8,17,88.71,1,203,1,184,1,98335,Artondale,Pierce,WA,,
9,0,0,0.0,1,0,1,185,1,98336,Glenoma,Lewis,WA,,
156,7,19,8.21,0,81,1,186,1,98337,Bremerton,Kitsap,WA,,
648,0,0,0.0,1,0,1,187,1,98338,Graham,Pierce,WA,,
88,1,2,44.0,1,442,1,188,1,98339,Port Hadlock,Jefferson,WA,,
123,0,0,0.0,1,0,1,189,1,98340,Hansville,Kitsap,WA,,
75,0,0,0.0,1,0,1,190,1,98342,Indianola,Kitsap,WA,,
6,0,0,0.0,1,0,1,191,1,98344,Kapowsin,Pierce,WA,,
18,2,26,0.69,0,445,1,192,1,98345,Keyport,Kitsap,WA,,
415,3,10,41.5,1,173,1,193,1,98346,Kingston,Kitsap,WA,,
146,0,0,0.0,1,0,1,194,1,98349,Lakebay,Pierce,WA,,
32,0,0,0.0,1,0,1,195,1,98351,Longbranch,Pierce,WA,,
175,0,0,0.0,1,0,1,196,1,98354,Milton,King,WA,,
22,0,0,0.0,1,0,1,197,1,98355,Mineral,Lewis,WA,,
28,3,3,9.33,0,297,1,198,1,98356,Morton,Lewis,WA,,
11,3,5,2.2,0,352,1,199,1,98357,Neah Bay,Clallam,WA,,
70,1,2,35.0,1,1029,1,200,1,98358,Nordland,Jefferson,WA,,
176,0,0,0.0,1,0,1,201,1,98359,Olalla,Kitsap,WA,,
274,0,0,0.0,1,0,1,202,1,98360,Orting,Pierce,WA,,
40,2,2,20.0,1,2080,1,203,1,98361,Packwood,Lewis,WA,,
486,18,34,14.29,1,19,1,204,1,98362,Port Angeles,Clallam,WA,,
276,4,8,34.5,1,288,1,205,1,98363,Port Angeles,Clallam,WA,,
270,0,0,0.0,1,0,1,206,1,98365,Port Ludlow,Jefferson,WA,,
871,4,10,87.1,1,174,1,207,1,98366,Port Orchard,Kitsap,WA,,
1136,2,10,113.6,1,1478,1,208,1,98367,Port Orchard,Kitsap,WA,,
949,12,25,37.96,1,112,1,209,1,98368,Port Townsend,Jefferson,WA,,
1250,9,42,29.76,1,208,1,210,1,98370,Bremerton,Kitsap,WA,,
735,10,17,43.24,1,20,1,211,1,98371,Edgewood,Pierce,WA,,
633,5,8,79.13,1,751,1,212,1,98372,Edgewood,Pierce,WA,,
581,4,10,58.1,1,767,1,213,1,98373,Puyallup,Pierce,WA,,
1209,4,12,100.75,1,2134,1,214,1,98374,Puyallup,Pierce,WA,,
669,3,6,111.5,1,1690,1,215,1,98375,Puyallup,Pierce,WA,,
63,0,0,0.0,1,0,1,216,1,98376,Quilcene,Jefferson,WA,,
15,2,2,7.5,0,2079,1,217,1,98377,Packwood,Lewis,WA,,
155,0,0,0.0,1,0,1,218,1,98380,Bremerton,Kitsap,WA,,
7,0,0,0.0,1,0,1,219,1,98381,Sekiu,Clallam,WA,,
956,9,22,43.45,1,67,1,220,1,98382,Gardiner,Jefferson,WA,,
615,11,32,19.22,1,222,1,221,1,98383,Silverdale,Kitsap,WA,,
6,1,1,6.0,0,2330,1,222,1,98385,South Prairie,Pierce,WA,,
760,0,0,0.0,1,0,1,223,1,98387,Spanaway,Pierce,WA,,
249,1,1,249.0,1,567,1,224,1,98388,Steilacoom,Pierce,WA,,
281,6,23,12.22,1,229,1,225,1,98390,Sumner,Pierce,WA,,
2405,2,3,801.67,1,1407,1,226,1,98391,Bonney Lake,Pierce,WA,,
105,3,18,5.83,0,1240,1,227,1,98392,Poulsbo,Kitsap,WA,,
45,0,0,0.0,1,0,1,228,1,98394,Vaughn,Pierce,WA,,
5,0,0,0.0,1,0,1,229,1,98396,Wilkeson,Pierce,WA,,
240,19,63,3.81,0,32,1,230,1,98402,Tacoma,Pierce,WA,,
275,5,10,27.5,1,576,1,231,1,98403,Tacoma,Pierce,WA,,
505,5,8,63.13,1,1551,1,232,1,98404,Tacoma,Pierce,WA,,
454,8,15,30.27,1,473,1,233,1,98405,Tacoma,Pierce,WA,,
668,3,5,133.6,1,226,1,234,1,98406,Tacoma,Pierce,WA,,
886,6,9,98.44,1,564,1,235,1,98407,Ruston,Pierce,WA,,
316,4,20,15.8,1,1330,1,236,1,98408,Tacoma,Pierce,WA,,
478,29,151,3.17,0,24,1,237,1,98409,Tacoma,Pierce,WA,,
1,0,0,0.0,1,0,1,238,1,98411,Tacoma,Pierce,WA,,
1,0,0,0.0,1,0,1,239,1,98416,Tacoma,Pierce,WA,,
1,0,0,0.0,1,0,1,240,1,98417,Tacoma,Pierce,WA,,
164,3,4,41.0,1,1552,1,241,1,98418,Tacoma,Pierce,WA,,
39,12,34,1.15,0,128,1,242,1,98421,Tacoma,Pierce,WA,,
900,2,3,300.0,1,1313,1,243,1,98422,Tacoma,Pierce,WA,,
327,3,4,81.75,1,477,1,244,1,98424,Fife,Pierce,WA,,
3,0,0,0.0,1,0,1,245,1,98431,Tacoma,Pierce,WA,,
175,1,1,175.0,1,287,1,246,1,98433,Joint Base Lewis Mcchord,Pierce,WA,,
10,0,0,0.0,1,0,1,247,1,98438,Joint Base Lewis Mcchord,Pierce,WA,,
165,0,0,0.0,1,0,1,248,1,98439,Lakewood,Pierce,WA,,
104,0,0,0.0,1,0,1,249,1,98443,Tacoma,Pierce,WA,,
394,3,4,98.5,1,1602,1,250,1,98444,Parkland,Pierce,WA,,
525,0,0,0.0,1,0,1,251,1,98445,Tacoma,Pierce,WA,,
236,2,4,59.0,1,766,1,252,1,98446,Parkland,Pierce,WA,,
210,1,2,105.0,1,1371,1,253,1,98465,Tacoma,Pierce,WA,,
872,1,12,72.67,1,2522,1,254,1,98466,Fircrest,Pierce,WA,,
522,1,1,522.0,1,566,1,255,1,98467,University Place,Pierce,WA,,
1,0,0,0.0,1,0,1,256,1,98493,Tacoma,Pierce,WA,,
1,0,0,0.0,1,0,1,257,1,98496,Lakewood,Pierce,WA,,
662,2,6,110.33,1,988,1,258,1,98498,Lakewood,Pierce,WA,,
459,5,8,57.38,1,478,1,259,1,98499,Incorporated,Pierce,WA,,
2860,28,54,52.96,1,134,1,260,1,98501,Olympia,Thurston,WA,,
1372,18,39,35.18,1,17,1,261,1,98502,Olympia,Thurston,WA,,
1004,13,44,22.82,1,1,1,262,1,98503,Lacey,Thurston,WA,,
70,0,0,0.0,1,0,1,263,1,98504,Olympia,Thurston,WA,,
795,0,0,0.0,1,0,1,264,1,98506,Lacey,Thurston,WA,,
1,1,6,0.17,0,1623,1,265,1,98507,Olympia,Thurston,WA,,
947,3,14,67.64,1,220,1,266,1,98512,Olympia,Thurston,WA,,
1049,2,11,95.36,1,570,1,267,1,98513,Lacey,Thurston,WA,,
1295,8,39,33.21,1,467,1,268,1,98516,Lacey,Thurston,WA,,
285,9,22,12.95,1,276,1,269,1,98520,Aberdeen,Grays Harbor,WA,,
139,0,0,0.0,1,0,1,270,1,98524,Allyn,Mason,WA,,
7,0,0,0.0,1,0,1,271,1,98526,Amanda Park,Grays Harbor,WA,,
4,0,0,0.0,1,0,1,272,1,98527,Bay Center,Pacific,WA,,
267,2,4,66.75,1,1382,1,273,1,98528,Belfair,Mason,WA,,
3,0,0,0.0,1,0,1,274,1,98530,Bucoda,Thurston,WA,,
430,5,28,15.36,1,105,1,275,1,98531,Centralia,Lewis,WA,,
379,10,30,12.63,1,1689,1,276,1,98532,Chehalis,Lewis,WA,,
12,0,0,0.0,1,0,1,277,1,98533,Cinebar,Lewis,WA,,
11,0,0,0.0,1,0,1,278,1,98535,Copalis Beach,Grays Harbor,WA,,
2,0,0,0.0,1,0,1,279,1,98536,Copalis Crossing,Grays Harbor,WA,,
29,0,0,0.0,1,0,1,280,1,98537,Cosmopolis,Grays Harbor,WA,,
10,0,0,0.0,1,0,1,281,1,98538,Curtis,Lewis,WA,,
1,0,0,0.0,1,0,1,282,1,98539,Doty,Lewis,WA,,
102,0,0,0.0,1,0,1,283,1,98541,Elma,Grays Harbor,WA,,
16,0,0,0.0,1,0,1,284,1,98542,Chehalis,Lewis,WA,,
2,0,0,0.0,1,0,1,285,1,98544,Galvin,Lewis,WA,,
114,0,0,0.0,1,0,1,286,1,98546,Grapeview,Mason,WA,,
20,0,0,0.0,1,0,1,287,1,98547,Grayland,Grays Harbor,WA,,
76,0,0,0.0,1,0,1,288,1,98548,Hoodsport,Mason,WA,,
91,0,0,0.0,1,0,1,289,1,98550,Hoquiam,Grays Harbor,WA,,
20,0,0,0.0,1,0,1,290,1,98555,Lilliwaup,Mason,WA,,
73,0,0,0.0,1,0,1,291,1,98557,McCleary,Mason,WA,,
2,0,0,0.0,1,0,1,292,1,98558,Mckenna,Pierce,WA,,
1,0,0,0.0,1,0,1,293,1,98560,Matlock,Mason,WA,,
7,2,4,1.75,0,298,1,294,1,98562,Moclips,Grays Harbor,WA,,
138,1,1,138.0,1,2394,1,295,1,98563,Montesano,Grays Harbor,WA,,
44,3,5,8.8,0,351,1,296,1,98564,Mossyrock,Lewis,WA,,
8,0,0,0.0,1,0,1,297,1,98565,Napavine,Lewis,WA,,
43,0,0,0.0,1,0,1,298,1,98568,Oakville,Grays Harbor,WA,,
247,3,12,20.58,1,269,1,299,1,98569,Ocean Shores,Grays Harbor,WA,,
67,0,0,0.0,1,0,1,300,1,98570,Onalaska,Lewis,WA,,
38,1,8,4.75,0,1679,1,301,1,98571,Pacific Beach,Grays Harbor,WA,,
5,0,0,0.0,1,0,1,302,1,98572,Pe Ell,Lewis,WA,,
4,1,2,2.0,0,462,1,303,1,98575,Quinault,Grays Harbor,WA,,
98,0,0,0.0,1,0,1,304,1,98576,Rainier,Thurston,WA,,
78,0,0,0.0,1,0,1,305,1,98577,Frances,Pacific,WA,,
200,2,14,14.29,1,310,1,306,1,98579,Rochester,Lewis,WA,,
220,0,0,0.0,1,0,1,307,1,98580,Roy,Pierce,WA,,
2,0,0,0.0,1,0,1,308,1,98581,Ryderwood,Cowlitz,WA,,
6,2,2,3.0,0,2058,1,309,1,98582,Salkum,Lewis,WA,,
1,0,0,0.0,1,0,1,310,1,98583,Satsop,Grays Harbor,WA,,
697,6,13,53.62,1,758,1,311,1,98584,Hoodsport,Mason,WA,,
15,0,0,0.0,1,0,1,312,1,98585,Silver Creek,Lewis,WA,,
11,0,0,0.0,1,0,1,313,1,98586,Bay Center,Pacific,WA,,
5,0,0,0.0,1,0,1,314,1,98587,Taholah,Grays Harbor,WA,,
52,0,0,0.0,1,0,1,315,1,98588,Tahuya,Mason,WA,,
148,0,0,0.0,1,0,1,316,1,98589,Tenino,Thurston,WA,,
13,1,2,6.5,0,1256,1,317,1,98590,North Cove,Pacific,WA,,
67,0,0,0.0,1,0,1,318,1,98591,Toledo,Lewis,WA,,
92,1,3,30.67,1,397,1,319,1,98592,Union,Mason,WA,,
13,0,0,0.0,1,0,1,320,1,98593,Vader,Lewis,WA,,
52,1,3,17.33,1,406,1,321,1,98595,Westport,Grays Harbor,WA,,
119,0,0,0.0,1,0,1,322,1,98596,Winlock,Lewis,WA,,
539,1,2,269.5,1,1324,1,323,1,98597,Yelm,Thurston,WA,,
43,0,0,0.0,1,0,1,324,1,98601,Amboy,Clark,WA,,
27,0,0,0.0,1,0,1,325,1,98603,Ariel,Cowlitz,WA,,
1040,3,6,173.33,1,2038,1,326,1,98604,Battle Ground,Clark,WA,,
14,2,3,4.67,0,1128,1,327,1,98605,Bingen,Klickitat,WA,,
449,0,0,0.0,1,0,1,328,1,98606,Brush Prairie,Clark,WA,,
2533,3,15,168.87,1,1145,1,329,1,98607,Camas,Clark,WA,,
32,1,2,16.0,1,330,1,330,1,98610,Carson,Skamania,WA,,
139,0,0,0.0,1,0,1,331,1,98611,Castle Rock,Cowlitz,WA,,
68,3,3,22.67,1,331,1,332,1,98612,Cathlamet,Wahkiakum,WA,,
3,0,0,0.0,1,0,1,333,1,98613,Centerville,Klickitat,WA,,
7,0,0,0.0,1,0,1,334,1,98614,Chinook,Pacific,WA,,
3,1,1,3.0,0,80,1,335,1,98616,Cougar,Cowlitz,WA,,
15,0,0,0.0,1,0,1,336,1,98617,Dallesport,Klickitat,WA,,
4,0,0,0.0,1,0,1,337,1,98619,Glenwood,Klickitat,WA,,
55,2,2,27.5,1,1536,1,338,1,98620,Centerville,Klickitat,WA,,
7,0,0,0.0,1,0,1,339,1,98621,Grays River,Wahkiakum,WA,,
22,0,0,0.0,1,0,1,340,1,98624,Ilwaco,Pacific,WA,,
209,1,2,104.5,1,1311,1,341,1,98625,Kalama,Cowlitz,WA,,
309,3,18,17.17,1,472,1,342,1,98626,Kelso,Cowlitz,WA,,
2,0,0,0.0,1,0,1,343,1,98628,Klickitat,Klickitat,WA,,
318,0,0,0.0,1,0,1,344,1,98629,La Center,Clark,WA,,
64,7,13,4.92,0,571,1,345,1,98631,Long Beach,Pacific,WA,,
561,5,8,70.13,1,90,1,346,1,98632,Cathlamet,Wahkiakum,WA,,
8,0,0,0.0,1,0,1,347,1,98634,Long Beach,Pacific,WA,,
50,0,0,0.0,1,0,1,348,1,98635,Appleton,Klickitat,WA,,
26,0,0,0.0,1,0,1,349,1,98638,Naselle,Pacific,WA,,
21,0,0,0.0,1,0,1,350,1,98639,North Bonneville,Skamania,WA,,
116,0,0,0.0,1,0,1,351,1,98640,Nahcotta,Pacific,WA,,
3,0,0,0.0,1,0,1,352,1,98641,Oysterville,Pacific,WA,,
1547,21,50,30.94,1,76,1,353,1,98642,Ridgefield,Clark,WA,,
4,0,0,0.0,1,0,1,354,1,98643,Rosburg,Wahkiakum,WA,,
9,1,2,4.5,0,382,1,355,1,98644,Seaview,Pacific,WA,,
37,0,0,0.0,1,0,1,356,1,98645,Silver Lake,Cowlitz,WA,,
8,0,0,0.0,1,0,1,357,1,98647,Skamokawa,Wahkiakum,WA,,
80,1,8,10.0,0,395,1,358,1,98648,Stevenson,Skamania,WA,,
14,0,0,0.0,1,0,1,359,1,98649,Toutle,Cowlitz,WA,,
41,0,0,0.0,1,0,1,360,1,98650,Trout Lake,Klickitat,WA,,
44,0,0,0.0,1,0,1,361,1,98651,Underwood,Skamania,WA,,
555,10,37,15.0,1,234,1,362,1,98660,Vancouver,Clark,WA,,
1074,12,26,41.31,1,1023,1,363,1,98661,Vancouver,Clark,WA,,
961,18,42,22.88,1,25,1,364,1,98662,Vancouver,Clark,WA,,
426,6,13,32.77,1,244,1,365,1,98663,Vancouver,Clark,WA,,
675,3,6,112.5,1,1588,1,366,1,98664,Vancouver,Clark,WA,,
782,2,7,111.71,1,427,1,367,1,98665,Vancouver,Clark,WA,,
1,0,0,0.0,1,0,1,368,1,98668,Vancouver,Clark,WA,,
3,0,0,0.0,1,0,1,369,1,98670,Wahkiacus,Klickitat,WA,,
976,13,19,51.37,1,1624,1,370,1,98671,Washougal,Clark,WA,,
327,2,3,109.0,1,1886,1,371,1,98672,Bz Corner,Klickitat,WA,,
2,0,0,0.0,1,0,1,372,1,98673,Wishram,Klickitat,WA,,
329,0,0,0.0,1,0,1,373,1,98674,Woodland,Cowlitz,WA,,
103,0,0,0.0,1,0,1,374,1,98675,Yacolt,Clark,WA,,
1915,2,13,147.31,1,2110,1,375,1,98682,Vancouver,Clark,WA,,
1133,6,22,51.5,1,479,1,376,1,98683,Vancouver,Clark,WA,,
859,8,13,66.08,1,62,1,377,1,98684,Vancouver,Clark,WA,,
1278,2,14,91.29,1,285,1,378,1,98685,Vancouver,Clark,WA,,
976,2,4,244.0,1,225,1,379,1,98686,Vancouver,Clark,WA,,
786,15,36,21.83,1,104,1,380,1,98801,Wenatchee,Chelan,WA,,
498,5,7,71.14,1,94,1,381,1,98802,East Wenatchee,Douglas,WA,,
1,0,0,0.0,1,0,1,382,1,98811,Ardenvoir,Chelan,WA,,
35,0,0,0.0,1,0,1,383,1,98812,Brewster,Okanogan,WA,,
4,1,1,4.0,0,177,1,384,1,98813,Bridgeport,Douglas,WA,,
10,0,0,0.0,1,0,1,385,1,98814,Carlton,Okanogan,WA,,
119,0,0,0.0,1,0,1,386,1,98815,Cashmere,Chelan,WA,,
251,4,14,17.93,1,72,1,387,1,98816,Chelan,Chelan,WA,,
6,0,0,0.0,1,0,1,388,1,98817,Chelan Falls,Chelan,WA,,
3,0,0,0.0,1,0,1,389,1,98819,Conconully,Okanogan,WA,,
1,0,0,0.0,1,0,1,390,1,98821,Dryden,Chelan,WA,,
39,1,8,4.88,0,774,1,391,1,98822,Entiat,Chelan,WA,,
133,1,2,66.5,1,714,1,392,1,98823,Ephrata,Grant,WA,,
447,12,42,10.64,1,75,1,393,1,98826,Leavenworth,Chelan,WA,,
43,0,0,0.0,1,0,1,394,1,98828,Malaga,Chelan,WA,,
1,0,0,0.0,1,0,1,395,1,98829,Malott,Okanogan,WA,,
5,0,0,0.0,1,0,1,396,1,98830,Mansfield,Douglas,WA,,
118,3,4,29.5,1,242,1,397,1,98831,Manson,Chelan,WA,,
6,0,0,0.0,1,0,1,398,1,98832,Marlin,Grant,WA,,
28,1,3,9.33,0,69,1,399,1,98833,Mazama,Okanogan,WA,,
4,0,0,0.0,1,0,1,400,1,98834,Carlton,Okanogan,WA,,
2,0,0,0.0,1,0,1,401,1,98836,Monitor,Chelan,WA,,
629,5,18,34.94,1,350,1,402,1,98837,Moses Lake,Grant,WA,,
16,0,0,0.0,1,0,1,403,1,98840,Malott,Okanogan,WA,,
35,1,1,35.0,1,74,1,404,1,98841,Omak,Okanogan,WA,,
80,0,0,0.0,1,0,1,405,1,98843,Orondo,Douglas,WA,,
28,2,5,5.6,0,240,1,406,1,98844,Oroville,Okanogan,WA,,
7,0,0,0.0,1,0,1,407,1,98845,Palisades,Douglas,WA,,
11,2,2,5.5,0,2502,1,408,1,98846,Methow,Okanogan,WA,,
29,0,0,0.0,1,0,1,409,1,98847,Leavenworth,Chelan,WA,,
180,5,25,7.2,0,363,1,410,1,98848,Quincy,Grant,WA,,
3,0,0,0.0,1,0,1,411,1,98849,Riverside,Okanogan,WA,,
25,0,0,0.0,1,0,1,412,1,98850,Rock Island,Douglas,WA,,
48,1,1,48.0,1,241,1,413,1,98851,Lakeview,Grant,WA,,
1,0,0,0.0,1,0,1,414,1,98853,Stratford,Grant,WA,,
30,1,1,30.0,1,178,1,415,1,98855,Tonasket,Okanogan,WA,,
71,1,1,71.0,1,154,1,416,1,98856,Twisp,Okanogan,WA,,
26,0,0,0.0,1,0,1,417,1,98857,Lind,Adams,WA,,
13,0,0,0.0,1,0,1,418,1,98858,Waterville,Douglas,WA,,
163,4,6,27.17,1,73,1,419,1,98862,Winthrop,Okanogan,WA,,
222,15,43,5.16,0,58,1,420,1,98901,Moxee,Yakima,WA,,
298,3,6,49.67,1,1645,1,421,1,98902,Yakima,Yakima,WA,,
184,0,0,0.0,1,0,1,422,1,98903,Union Gap,Yakima,WA,,
609,3,4,152.25,1,1071,1,423,1,98908,Yakima,Yakima,WA,,
2,0,0,0.0,1,0,1,424,1,98921,Buena,Yakima,WA,,
375,5,26,14.42,1,137,1,425,1,98922,Cle Elum,Kittitas,WA,,
7,0,0,0.0,1,0,1,426,1,98923,Cowiche,Yakima,WA,,
32,0,0,0.0,1,0,1,427,1,98925,Easton,Kittitas,WA,,
508,9,36,14.11,1,259,1,428,1,98926,Ellensburg,Kittitas,WA,,
72,1,3,24.0,1,2025,1,429,1,98930,Grandview,Yakima,WA,,
15,0,0,0.0,1,0,1,430,1,98932,Granger,Yakima,WA,,
5,0,0,0.0,1,0,1,431,1,98933,Harrah,Yakima,WA,,
7,0,0,0.0,1,0,1,432,1,98934,Kittitas,Kittitas,WA,,
16,0,0,0.0,1,0,1,433,1,98935,Mabton,Yakima,WA,,
68,0,0,0.0,1,0,1,434,1,98936,Moxee,Yakima,WA,,
48,2,3,16.0,1,1638,1,435,1,98937,Naches,Yakima,WA,,
13,0,0,0.0,1,0,1,436,1,98938,Outlook,Yakima,WA,,
2,0,0,0.0,1,0,1,437,1,98939,Parker,Yakima,WA,,
70,0,0,0.0,1,0,1,438,1,98940,Ronald,Kittitas,WA,,
34,0,0,0.0,1,0,1,439,1,98941,Roslyn,Kittitas,WA,,
195,9,18,10.83,1,1977,1,440,1,98942,Naches,Yakima,WA,,
7,0,0,0.0,1,0,1,441,1,98943,South Cle Elum,Kittitas,WA,,
117,2,8,14.63,1,753,1,442,1,98944,Sunnyside,Yakima,WA,,
11,0,0,0.0,1,0,1,443,1,98946,Thorp,Kittitas,WA,,
23,0,0,0.0,1,0,1,444,1,98947,Tieton,Yakima,WA,,
34,1,2,17.0,1,1755,1,445,1,98948,Toppenish,Yakima,WA,,
2,0,0,0.0,1,0,1,446,1,98950,Vantage,Kittitas,WA,,
43,3,4,10.75,1,588,1,447,1,98951,Wapato,Yakima,WA,,
2,1,1,2.0,0,1321,1,448,1,98952,White Swan,Yakima,WA,,
58,2,4,14.5,1,697,1,449,1,98953,Zillah,Yakima,WA,,
50,2,4,12.5,1,641,1,450,1,99001,Airway Heights,Spokane,WA,,
78,0,0,0.0,1,0,1,451,1,99003,Chattaroy,Spokane,WA,,
275,1,4,68.75,1,2253,1,452,1,99004,Cheney,Spokane,WA,,
231,0,0,0.0,1,0,1,453,1,99005,Chattaroy,Spokane,WA,,
132,3,6,22.0,1,1682,1,454,1,99006,Chattaroy,Spokane,WA,,
8,0,0,0.0,1,0,1,455,1,99008,Cheney,Spokane,WA,,
50,0,0,0.0,1,0,1,456,1,99009,Chattaroy,Spokane,WA,,
29,0,0,0.0,1,0,1,457,1,99011,Fairchild Air Force Base,Spokane,WA,,
3,0,0,0.0,1,0,1,458,1,99012,Fairfield,Spokane,WA,,
4,0,0,0.0,1,0,1,459,1,99013,Ford,Stevens,WA,,
417,0,0,0.0,1,0,1,460,1,99016,Greenacres,Spokane,WA,,
1,0,0,0.0,1,0,1,461,1,99017,Lamont,Whitman,WA,,
3,0,0,0.0,1,0,1,462,1,99018,Latah,Spokane,WA,,
418,11,32,13.06,1,251,1,463,1,99019,Greenacres,Spokane,WA,,
132,1,2,66.0,1,666,1,464,1,99021,Chattaroy,Spokane,WA,,
86,1,2,43.0,1,642,1,465,1,99022,Cheney,Spokane,WA,,
14,0,0,0.0,1,0,1,466,1,99023,Greenacres,Spokane,WA,,
66,0,0,0.0,1,0,1,467,1,99025,Newman Lake,Spokane,WA,,
178,0,0,0.0,1,0,1,468,1,99026,Nine Mile Falls,Stevens,WA,,
79,0,0,0.0,1,0,1,469,1,99027,Newman Lake,Spokane,WA,,
12,0,0,0.0,1,0,1,470,1,99029,Reardan,Spokane,WA,,
5,0,0,0.0,1,0,1,471,1,99030,Rockford,Spokane,WA,,
23,0,0,0.0,1,0,1,472,1,99031,Spangle,Spokane,WA,,
3,3,11,0.27,0,1491,1,473,1,99032,Sprague,Lincoln,WA,,
3,0,0,0.0,1,0,1,474,1,99033,Tekoa,Whitman,WA,,
2,0,0,0.0,1,0,1,475,1,99034,Tumtum,Stevens,WA,,
33,0,0,0.0,1,0,1,476,1,99036,Spokane,Spokane,WA,,
241,1,8,30.13,1,425,1,477,1,99037,Spokane,Spokane,WA,,
1,0,0,0.0,1,0,1,478,1,99039,Waverly,Spokane,WA,,
4,0,0,0.0,1,0,1,479,1,99040,Wellpinit,Stevens,WA,,
9,0,0,0.0,1,0,1,480,1,99101,Addy,Stevens,WA,,
1,0,0,0.0,1,0,1,481,1,99102,Albion,Whitman,WA,,
2,0,0,0.0,1,0,1,482,1,99103,Almira,Lincoln,WA,,
1,0,0,0.0,1,0,1,483,1,99105,Benge,Adams,WA,,
39,2,4,9.75,0,2433,1,484,1,99109,Chewelah,Stevens,WA,,
13,0,0,0.0,1,0,1,485,1,99110,Clayton,Spokane,WA,,
31,0,0,0.0,1,0,1,486,1,99111,Colfax,Whitman,WA,,
8,0,0,0.0,1,0,1,487,1,99113,Colton,Whitman,WA,,
84,3,5,16.8,1,313,1,488,1,99114,Colville,Stevens,WA,,
22,1,1,22.0,1,121,1,489,1,99115,Coulee City,Grant,WA,,
10,1,1,10.0,0,1314,1,490,1,99116,Coulee Dam,Okanogan,WA,,
3,0,0,0.0,1,0,1,491,1,99117,Creston,Lincoln,WA,,
12,0,0,0.0,1,0,1,492,1,99118,Curlew,Ferry,WA,,
11,0,0,0.0,1,0,1,493,1,99119,Cusick,Pend Oreille,WA,,
1,0,0,0.0,1,0,1,494,1,99121,Danville,Ferry,WA,,
44,1,1,44.0,1,172,1,495,1,99122,Davenport,Lincoln,WA,,
7,0,0,0.0,1,0,1,496,1,99123,Electric City,Grant,WA,,
2,0,0,0.0,1,0,1,497,1,99124,Elmer City,Okanogan,WA,,
4,0,0,0.0,1,0,1,498,1,99125,Endicott,Whitman,WA,,
10,0,0,0.0,1,0,1,499,1,99126,Evans,Stevens,WA,,
2,0,0,0.0,1,0,1,500,1,99128,Farmington,Whitman,WA,,
1,0,0,0.0,1,0,1,501,1,99129,Fruitland,Stevens,WA,,
4,0,0,0.0,1,0,1,502,1,99130,Garfield,Whitman,WA,,
1,0,0,0.0,1,0,1,503,1,99131,Gifford,Stevens,WA,,
14,0,0,0.0,1,0,1,504,1,99133,Grand Coulee,Grant,WA,,
3,0,0,0.0,1,0,1,505,1,99134,Harrington,Lincoln,WA,,
2,0,0,0.0,1,0,1,506,1,99135,Hartline,Grant,WA,,
2,0,0,0.0,1,0,1,507,1,99137,Hunters,Stevens,WA,,
4,0,0,0.0,1,0,1,508,1,99138,Inchelium,Ferry,WA,,
4,0,0,0.0,1,0,1,509,1,99139,Ione,Pend Oreille,WA,,
52,0,0,0.0,1,0,1,510,1,99141,Kettle Falls,Stevens,WA,,
2,0,0,0.0,1,0,1,511,1,99143,Lacrosse,Whitman,WA,,
1,0,0,0.0,1,0,1,512,1,99146,Laurier,Ferry,WA,,
4,0,0,0.0,1,0,1,513,1,99147,Lincoln,Lincoln,WA,,
28,0,0,0.0,1,0,1,514,1,99148,Loon Lake,Stevens,WA,,
3,0,0,0.0,1,0,1,515,1,99149,Malden,Whitman,WA,,
1,0,0,0.0,1,0,1,516,1,99150,Malo,Ferry,WA,,
2,0,0,0.0,1,0,1,517,1,99152,Metaline,Pend Oreille,WA,,
2,0,0,0.0,1,0,1,518,1,99155,Nespelem,Okanogan,WA,,
82,1,2,41.0,1,786,1,519,1,99156,Newport,Pend Oreille,WA,,
1,0,0,0.0,1,0,1,520,1,99157,Northport,Stevens,WA,,
8,0,0,0.0,1,0,1,521,1,99158,Oakesdale,Whitman,WA,,
8,0,0,0.0,1,0,1,522,1,99159,Odessa,Lincoln,WA,,
32,0,0,0.0,1,0,1,523,1,99161,Palouse,Whitman,WA,,
452,10,21,21.52,1,147,1,524,1,99163,Pullman,Whitman,WA,,
22,0,0,0.0,1,0,1,525,1,99166,Republic,Ferry,WA,,
8,0,0,0.0,1,0,1,526,1,99167,Rice,Stevens,WA,,
30,3,9,3.33,0,283,1,527,1,99169,Ritzville,Adams,WA,,
15,1,1,15.0,1,1597,1,528,1,99170,Rosalia,Whitman,WA,,
4,0,0,0.0,1,0,1,529,1,99171,St John,Whitman,WA,,
5,0,0,0.0,1,0,1,530,1,99173,Springdale,Stevens,WA,,
5,0,0,0.0,1,0,1,531,1,99179,Uniontown,Whitman,WA,,
4,0,0,0.0,1,0,1,532,1,99180,Usk,Pend Oreille,WA,,
16,0,0,0.0,1,0,1,533,1,99181,Valley,Stevens,WA,,
7,0,0,0.0,1,0,1,534,1,99185,Wilbur,Lincoln,WA,,
232,23,59,3.93,0,4,1,535,1,99201,Spokane,Spokane,WA,,
268,7,17,15.76,1,201,1,536,1,99202,Spokane,Spokane,WA,,
627,1,2,313.5,1,2259,1,537,1,99203,Spokane,Spokane,WA,,
108,1,2,54.0,1,2260,1,538,1,99204,Spokane,Spokane,WA,,
327,2,7,46.71,1,299,1,539,1,99205,Spokane,Spokane,WA,,
459,2,4,114.75,1,756,1,540,1,99206,Spokane,Spokane,WA,,
188,2,3,62.67,1,1686,1,541,1,99207,Spokane,Spokane,WA,,
959,3,4,239.75,1,1530,1,542,1,99208,Colbert,Spokane,WA,,
378,4,8,47.25,1,23,1,543,1,99212,Spokane,Spokane,WA,,
270,12,18,15.0,1,253,1,544,1,99216,Spokane,Spokane,WA,,
212,3,4,53.0,1,260,1,545,1,99217,Spokane,Spokane,WA,,
206,9,20,10.3,1,22,1,546,1,99218,Spokane,Spokane,WA,,
745,1,2,372.5,1,2219,1,547,1,99223,Spokane,Spokane,WA,,
598,31,77,7.77,0,116,1,548,1,99224,Cheney,Spokane,WA,,
1,0,0,0.0,1,0,1,549,1,99251,Spokane,Spokane,WA,,
1199,13,29,41.34,1,18,1,550,1,99301,Pasc,Franklin,WA,,
142,1,3,47.33,1,328,1,551,1,99320,Benton City,Benton,WA,,
5,0,0,0.0,1,0,1,552,1,99322,Bickleton,Klickitat,WA,,
21,0,0,0.0,1,0,1,553,1,99323,Burbank,Walla Walla,WA,,
117,3,5,23.4,1,1290,1,554,1,99324,College Place,Walla Walla,WA,,
25,1,2,12.5,1,737,1,555,1,99326,Connell,Franklin,WA,,
26,3,8,3.25,0,450,1,556,1,99328,Dayton,Columbia,WA,,
1,0,0,0.0,1,0,1,557,1,99329,Dixie,Walla Walla,WA,,
9,0,0,0.0,1,0,1,558,1,99330,Eltopia,Franklin,WA,,
1,0,0,0.0,1,0,1,559,1,99335,Kahlotus,Franklin,WA,,
500,10,30,16.67,1,99,1,560,1,99336,Kennewick,Benton,WA,,
519,2,3,173.0,1,258,1,561,1,99337,Kennewick,Benton,WA,,
669,3,7,95.57,1,341,1,562,1,99338,Kennewick,Benton,WA,,
8,0,0,0.0,1,0,1,563,1,99341,Lind,Adams,WA,,
17,0,0,0.0,1,0,1,564,1,99343,Mesa,Franklin,WA,,
109,0,0,0.0,1,0,1,565,1,99344,Hatton,Adams,WA,,
1,0,0,0.0,1,0,1,566,1,99345,Paterson,Benton,WA,,
7,0,0,0.0,1,0,1,567,1,99347,Pomeroy,Garfield,WA,,
5,0,0,0.0,1,0,1,568,1,99348,Prescott,Walla Walla,WA,,
47,0,0,0.0,1,0,1,569,1,99349,Mattawa,Grant,WA,,
124,1,2,62.0,1,648,1,570,1,99350,Alderdale,Klickitat,WA,,
1221,7,14,87.21,1,365,1,571,1,99352,Rich,Benton,WA,,
464,0,0,0.0,1,0,1,572,1,99353,West Richland,Benton,WA,,
513,48,86,5.97,0,540,1,573,1,99354,Richland,Benton,WA,,
1,0,0,0.0,1,0,1,574,1,99356,Roosevelt,Klickitat,WA,,
45,0,0,0.0,1,0,1,575,1,99357,Royal City,Grant,WA,,
17,0,0,0.0,1,0,1,576,1,99360,Touchet,Walla Walla,WA,,
13,1,1,13.0,1,1258,1,577,1,99361,Waitsburg,Walla Walla,WA,,
634,19,38,16.68,1,26,1,578,1,99362,Walla Walla,Walla Walla,WA,,
1,0,0,0.0,1,0,1,579,1,99371,Washtucna,Adams,WA,,
18,0,0,0.0,1,0,1,580,1,99402,Asotin,Asotin,WA,,
99,1,4,24.75,1,2232,1,581,1,99403,Clarkston,Asotin,WA,,
